authoring_key,recipe_name,meal_type,recipe_format,cuisine_family,difficulty,prep_time_min,cook_time_min,ingredient_ids,ingredient_summary,calories,protein_g,carbs_g,fat_g,fiber_g,ingredient_count,measurement_basis_status,serving_bounds_status,serving_step_review_count,meal_timing_review_count,nutrition_review_decision,nutrition_review_notes,nutrition_reviewer_name,nutrition_reviewed_at,portion_review_decision,portion_review_notes,workout_timing_review_decision,workout_timing_review_notes,final_nutrition_status
pilot01_breakfast_greek_yogurt_oat_strawberry_bowl,Greek yogurt oat strawberry bowl,breakfast,bowl,neutral,easy,8,0,49|30|93|111,Yogurt greco 0% 175g raw | Fiocchi di avena 50g raw | Fragole 125g raw | Miele 15g raw,383.4,27.2,61.4,4.5,7.8,4,PASS,PASS,0,0,,,,,,,,,PENDING
pilot01_snack_apple_with_almonds,Apple with almonds,snack,handheld,neutral,easy,5,0,91|104,Mela 155g raw | Mandorle 25g raw,225.4,5.8,26.8,12.8,6.8,2,PASS,PASS,0,0,,,,,,,,,PENDING
pilot01_lunch_dinner_chicken_basmati_zucchini_plate,Chicken basmati rice and zucchini plate,lunch/dinner,plated_meal,mediterranean,easy,10,20,1|24|69|110|242,Petto di pollo 155g raw | Riso basmati 80g raw | Zucchine 175g raw | Olio EVO 10g raw | Limone 20g raw,579.3,43.8,70.2,13.1,3.4,5,PASS,PASS,0,0,,,,,,,,,PENDING
pilot01_pre_workout_cream_of_rice_banana_honey,Cream of rice with banana and honey,pre_workout,bowl,neutral,easy,4,5,29|90|111,Crema di riso 50g raw | Banana 120g raw | Miele 15g raw,334.4,4.6,80.2,0.8,3.4,3,PASS,PASS,0,0,,,,,,,,,PENDING
pilot01_post_workout_chicken_basmati_pineapple_bowl,Chicken basmati pineapple bowl,post_workout,bowl,neutral,easy,10,20,1|24|100,Petto di pollo 155g raw | Riso basmati 80g raw | Ananas 125g raw,517.8,42.1,79.3,2.6,2.8,3,PASS,PASS,0,0,,,,,,,,,PENDING
pilot02_breakfast_skyr_blueberry_chia_bowl,Skyr blueberry chia bowl,breakfast,bowl,neutral,easy,6,0,51|94|108|111,Skyr naturale 170g raw | Mirtilli 100g raw | Semi di chia 12g raw | Miele 10g raw,252.8,21.4,34.6,4.3,6.5,4,PASS,PASS,2,0,,,,,,,,,PENDING
pilot02_breakfast_egg_spinach_rye_plate,Egg spinach rye plate,breakfast,plated_meal,neutral,easy,8,10,65|68|40|110,Uova intere 120g raw | Spinaci 100g raw | Pane di segale 60g raw | Olio EVO 5g raw,394.2,23.1,33.4,18.8,5.7,4,PASS,PASS,0,0,,,,,,,,,PENDING
pilot02_snack_pear_walnuts,Pear with walnuts,snack,handheld,neutral,easy,5,0,92|105,Pera 160g raw | Noci 20g raw,222.0,3.7,27.1,13.2,6.3,2,PASS,PASS,2,0,,,,,,,,,PENDING
pilot02_lunch_dinner_salmon_quinoa_broccoli_plate,Salmon quinoa broccoli plate,lunch/dinner,plated_meal,mediterranean,medium,10,20,5|32|70|110|242,Salmone 150g raw | Quinoa 70g raw | Broccoli 180g raw | Olio EVO 10g raw | Limone 20g raw,725.0,45.7,58.7,35.2,10.1,5,PASS,PASS,2,0,,,,,,,,,PENDING
pilot02_lunch_dinner_tofu_rice_noodle_pak_choi_bowl,Tofu rice noodle pak choi bowl,lunch/dinner,bowl,asian_inspired,easy,10,15,14|37|234|232|110|255|267,Tofu 160g raw | Noodles di riso 75g raw | Pak choi (cavolo cinese) 150g raw | Germogli di soia 60g raw | Olio EVO 5g raw | Aceto di mele 10g raw | Aglio 3g raw,490.7,22.4,71.1,14.0,4.3,7,PASS,REVIEW_REQUIRED,2,0,,,,,,,,,PENDING
pilot02_lunch_dinner_lentil_pasta_tomato_spinach_bowl,Lentil pasta tomato spinach bowl,lunch/dinner,bowl,italian,easy,8,15,36|82|68|57|110|268,Pasta di lenticchie 80g raw | Pomodoro 150g raw | Spinaci 80g raw | Grana Padano 15g raw | Olio EVO 10g raw | Basilico fresco 5g raw,464.6,26.2,53.7,16.5,12.4,6,PASS,PASS,2,0,,,,,,,,,PENDING
pilot02_lunch_dinner_turkey_sweet_potato_pepper_plate,Turkey sweet potato pepper plate,lunch/dinner,plated_meal,mediterranean,medium,10,18,2|89|72|228|110|276,Fesa di tacchino 160g raw | Patata dolce 200g raw | Peperoni 150g raw | Cipolla 40g raw | Olio EVO 10g raw | Rosmarino 2g raw,501.5,43.6,53.3,13.2,10.1,6,PASS,REVIEW_REQUIRED,4,0,,,,,,,,,PENDING
pilot02_pre_workout_dates_banana_rice_cream,Date banana cream of rice,pre_workout,bowl,neutral,easy,4,5,29|90|102,Crema di riso 40g raw | Banana 100g raw | Datteri 25g raw,305.1,4.3,74.0,0.7,4.8,3,PASS,PASS,0,0,,,,,,,,,PENDING
pilot02_post_workout_turkey_jasmine_mango_bowl,Turkey jasmine mango bowl,post_workout,bowl,neutral,easy,10,18,2|27|98,Fesa di tacchino 155g raw | Riso jasmine 80g raw | Mango 120g raw,528.1,43.8,81.2,3.2,2.2,3,PASS,PASS,0,0,,,,,,,,,PENDING
pilot02_post_workout_cod_potato_green_bean_plate,Cod potato green bean plate,post_workout,plated_meal,mediterranean,easy,10,20,7|88|80|110|242|275,Merluzzo 170g raw | Patate 220g raw | Fagiolini 150g raw | Olio EVO 8g raw | Limone 20g raw | Prezzemolo 5g raw,433.6,37.7,51.2,9.7,10.7,6,PASS,PASS,3,0,,,,,,,,,PENDING
pilot03_breakfast_ricotta_peach_rye_toast,Ricotta peach rye toast,breakfast,handheld,neutral,easy,7,0,40|50|245|269,Pane di segale 60g raw | Ricotta magra 120g cooked | Pesca 120g raw | Cannella in polvere 5g raw,377.8,19.6,48.4,12.0,7.9,4,PASS,PASS,0,0,,,,,,,,,PENDING
pilot03_breakfast_kefir_oat_mango_smoothie,Kefir oat mango smoothie,breakfast,smoothie,neutral,easy,6,0,52|30|98|111,Kefir naturale 200g raw | Fiocchi di avena 40g raw | Mango 120g raw | Miele 10g raw,386.0,14.7,61.8,10.2,6.2,4,PASS,PASS,0,0,,,,,,,,,PENDING
pilot03_breakfast_chickpea_spinach_egg_pancake,Chickpea spinach egg pancake,breakfast,plated_meal,mediterranean,easy,8,8,48|66|68|256,Farina di ceci 50g raw | Albumi 150g raw | Spinaci 80g raw | Olio di cocco vergine 5g raw,334.5,29.7,32.9,8.9,7.8,4,PASS,PASS,2,0,,,,,,,,,PENDING
pilot03_breakfast_buckwheat_apple_yogurt_bowl,Buckwheat apple yogurt bowl,breakfast,bowl,neutral,easy,6,14,43|54|91|269,Grano saraceno 60g raw | Yogurt senza lattosio 160g raw | Mela 150g raw | Cannella in polvere 5g raw,392.2,14.7,76.1,6.1,12.3,4,PASS,PASS,2,0,,,,,,,,,PENDING
pilot03_breakfast_matcha_pomegranate_yogurt_bowl,Matcha pomegranate yogurt bowl,breakfast,bowl,neutral,easy,5,0,49|243|252|261,Yogurt greco 0% 180g raw | Melograno (arilli) 80g raw | Semi di canapa 10g raw | Matcha in polvere 5g raw,244.1,24.2,24.2,6.8,5.4,4,PASS,PASS,1,0,,,,,,,,,PENDING
pilot03_snack_orange_pistachio_cream,Orange with pistachio cream,snack,plated_meal,neutral,easy,4,0,238|280,Arancia 180g raw | Crema di pistacchi 100% 20g raw,196.0,5.7,26.8,9.3,6.4,2,PASS,PASS,1,0,,,,,,,,,PENDING
pilot03_snack_skyr_kiwi_honey_cup,Skyr kiwi honey cup,snack,bowl,neutral,easy,5,0,51|97|111,Skyr naturale 150g raw | Kiwi 120g raw | Miele 10g raw,198.1,17.9,31.9,0.9,3.6,3,PASS,PASS,1,0,,,,,,,,,PENDING
pilot03_snack_grapes_cashew_butter,Grapes with cashew butter,snack,plated_meal,neutral,easy,3,0,248|279,Uva 120g raw | Burro di anacardi 100% 20g raw,200.2,4.0,28.3,9.6,1.5,2,PASS,PASS,0,0,,,,,,,,,PENDING
pilot03_lunch_dinner_beef_polenta_mushroom_plate,Beef polenta mushroom plate,lunch/dinner,plated_meal,italian,medium,8,18,3|45|74|110|276,Manzo magro 150g raw | Polenta 70g raw | Funghi 120g raw | Olio EVO 10g raw | Rosmarino 5g raw,572.7,42.4,56.8,20.6,5.1,5,PASS,PASS,1,0,,,,,,,,,PENDING
pilot03_lunch_dinner_shrimp_couscous_zucchini_bowl,Shrimp couscous zucchini bowl,lunch/dinner,bowl,mediterranean,easy,8,12,12|34|69|83|110|242,Gamberi 140g raw | Cous cous 70g raw | Zucchine 150g raw | Pomodorini 100g raw | Olio EVO 10g raw | Limone 20g raw,519.9,40.0,64.9,11.8,4.8,6,PASS,PASS,1,0,,,,,,,,,PENDING
pilot03_lunch_dinner_tempeh_black_rice_kale_bowl,Tempeh black rice kale bowl,lunch/dinner,bowl,neutral,medium,10,25,15|25|84|71|110|277,Tempeh 120g raw | Riso nero 70g raw | Cavolo kale 100g raw | Carote 100g raw | Olio EVO 10g raw | Zenzero fresco 5g raw,654.3,34.3,80.5,26.2,9.0,6,PASS,PASS,0,0,,,,,,,,,PENDING
pilot03_lunch_dinner_tuna_potato_green_salad,Tuna potato green salad,lunch/dinner,salad,mediterranean,easy,10,18,6|88|78|76|110|221|242,Tonno al naturale 120g cooked | Patate 200g raw | Rucola 50g raw | Cetrioli 100g raw | Olio EVO 10g raw | Capperi 10g raw | Limone 20g raw,417.2,37.1,42.8,12.0,6.6,7,PASS,PASS,1,0,,,,,,,,,PENDING
pilot03_lunch_dinner_egg_asparagus_quinoa_plate,Egg asparagus quinoa plate,lunch/dinner,plated_meal,neutral,easy,8,18,65|32|73|110|273,Uova intere 120g raw | Quinoa 70g raw | Asparagi 150g raw | Olio EVO 10g raw | Pepe nero 5g raw,560.2,28.8,54.5,26.0,9.3,5,PASS,PASS,1,0,,,,,,,,,PENDING
pilot03_lunch_dinner_chickpea_feta_cucumber_salad,Chickpea feta cucumber salad,lunch/dinner,salad,mediterranean,easy,10,0,18|83|76|56|110|242|271,Ceci cotti 150g cooked | Pomodorini 120g raw | Cetrioli 120g raw | Feta 40g raw | Olio EVO 10g raw | Limone 20g raw | Menta fresca 5g raw,488.9,21.4,54.3,22.9,14.3,7,PASS,PASS,2,0,,,,,,,,,PENDING
pilot03_lunch_dinner_branzino_barley_fennel_plate,Branzino barley fennel plate,lunch/dinner,plated_meal,mediterranean,medium,8,25,8|33|79|110|275,Branzino 160g raw | Orzo perlato 70g raw | Finocchi 150g raw | Olio EVO 10g raw | Prezzemolo 5g raw,539.7,38.3,62.7,14.4,15.7,5,PASS,PASS,2,0,,,,,,,,,PENDING
pilot03_lunch_dinner_seitan_rice_pasta_pak_choi_bowl,Seitan rice pasta pak choi bowl,lunch/dinner,bowl,asian_inspired,easy,10,15,16|46|234|71|110|255|277,Seitan 100g raw | Pasta di riso 80g raw | Pak choi (cavolo cinese) 150g raw | Carote 80g raw | Olio EVO 10g raw | Aceto di mele 10g raw | Zenzero fresco 5g raw,798.4,82.8,89.2,12.9,5.6,7,PASS,PASS,0,0,,,,,,,,,PENDING
pilot03_lunch_dinner_lentil_pumpkin_soup,Lentil pumpkin soup,lunch/dinner,soup_stew,neutral,easy,10,20,20|81|71|228|110|270,Lenticchie cotte 180g cooked | Zucca 200g raw | Carote 80g raw | Cipolla 40g raw | Olio EVO 10g raw | Curcuma in polvere 5g raw,415.7,19.8,63.8,11.6,19.2,6,PASS,PASS,3,0,,,,,,,,,PENDING
pilot03_lunch_dinner_mackerel_sweet_potato_cabbage_plate,Mackerel sweet potato cabbage plate,lunch/dinner,plated_meal,neutral,medium,8,22,9|89|224|110|242,Sgombro 130g raw | Patata dolce 200g raw | Cavolo cappuccio 120g raw | Olio EVO 10g raw | Limone 20g raw,562.7,29.2,49.0,28.5,9.6,5,PASS,PASS,2,0,,,,,,,,,PENDING
pilot03_lunch_dinner_silken_tofu_rice_noodle_daikon_bowl,Silken tofu rice noodle daikon bowl,lunch/dinner,bowl,asian_inspired,easy,10,10,63|37|230|232|110|255,Tofu silken 180g raw | Noodles di riso 70g raw | Daikon 100g raw | Germogli di soia 60g raw | Olio EVO 10g raw | Aceto di mele 10g raw,488.1,16.1,67.5,15.9,3.8,6,PASS,PASS,1,0,,,,,,,,,PENDING
pilot03_pre_workout_oat_banana_honey_bar,Oat banana honey bar,pre_workout,handheld,neutral,easy,7,0,30|90|111,Fiocchi di avena 50g raw | Banana 100g raw | Miele 15g raw,329.1,9.6,68.3,3.8,7.9,3,PASS,PASS,0,0,,,,,,,,,PENDING
pilot03_pre_workout_jasmine_rice_pineapple_cup,Jasmine rice pineapple cup,pre_workout,bowl,neutral,easy,5,14,27|100|111,Riso jasmine 60g raw | Ananas 120g raw | Miele 10g raw,304.6,4.8,71.4,0.4,1.9,3,PASS,PASS,1,0,,,,,,,,,PENDING
pilot03_pre_workout_oat_flour_date_pancake,Oat flour date pancake,pre_workout,plated_meal,neutral,easy,8,8,31|66|102,Farina di avena 50g raw | Albumi 120g raw | Datteri 30g raw,336.5,21.3,54.8,3.9,6.9,3,PASS,PASS,2,0,,,,,,,,,PENDING
pilot03_post_workout_shrimp_basmati_papaya_bowl,Shrimp basmati papaya bowl,post_workout,bowl,neutral,easy,8,16,12|24|99,Gamberi 140g raw | Riso basmati 80g raw | Papaya 120g raw,455.4,34.4,76.4,1.7,3.1,3,PASS,PASS,1,0,,,,,,,,,PENDING
pilot03_post_workout_tofu_jasmine_pineapple_bowl,Tofu jasmine pineapple bowl,post_workout,bowl,neutral,easy,8,16,14|27|100|234,Tofu 160g raw | Riso jasmine 80g raw | Ananas 120g raw | Pak choi (cavolo cinese) 120g raw,482.8,20.8,84.6,8.4,3.6,4,PASS,PASS,2,0,,,,,,,,,PENDING
pilot03_post_workout_egg_potato_spinach_plate,Egg potato spinach plate,post_workout,plated_meal,neutral,easy,8,20,65|88|68|110,Uova intere 120g raw | Patate 220g raw | Spinaci 100g raw | Olio EVO 5g raw,408.2,22.4,42.9,17.0,7.0,4,PASS,PASS,0,0,,,,,,,,,PENDING
pilot04_breakfast_cottage_cheese_apricot_seed_bowl,Cottage cheese apricot seed bowl,breakfast,bowl,neutral,easy,6,0,53|237|253|269,Fiocchi di latte 150g raw | Albicocca 120g raw | Semi di girasole 15g raw | Cannella in polvere 5g raw,304.6,21.7,25.5,14.7,6.3,4,PASS,PASS,2,0,,,,,,,,,PENDING
pilot04_breakfast_silken_tofu_cacao_cherry_smoothie,Silken tofu cacao cherry smoothie,breakfast,smoothie,neutral,easy,6,0,63|240|58|116,Tofu silken 150g raw | Ciliegie 120g raw | Latte parzialmente scremato 150g raw | Cacao amaro 5g raw,238.5,14.9,32.4,7.4,4.4,4,PASS,PASS,1,0,,,,,,,,,PENDING
pilot04_breakfast_egg_avocado_rye_plate,Egg avocado rye plate,breakfast,plated_meal,neutral,easy,6,8,65|40|101|273,Uova intere 100g raw | Pane di segale 60g raw | Avocado 60g raw | Pepe nero 5g raw,407.0,19.4,38.0,20.5,8.8,4,PASS,PASS,0,0,,,,,,,,,PENDING
pilot04_breakfast_amaranth_lactose_free_yogurt_fig_bowl,Amaranth lactose-free yogurt fig bowl,breakfast,bowl,neutral,easy,6,18,44|54|241|109,Amaranto 50g raw | Yogurt senza lattosio 150g raw | Fico fresco 80g raw | Semi di lino 10g raw,388.1,15.4,59.2,11.4,8.4,4,PASS,PASS,1,0,,,,,,,,,PENDING
pilot04_breakfast_boiled_egg_melon_seed_plate,Boiled egg melon seed plate,breakfast,plated_meal,neutral,easy,6,0,67|244|253|273,Uovo sodo 50g cooked | Melone cantalupo 180g raw | Semi di girasole 15g raw | Pepe nero 5g raw,238.9,11.6,21.5,13.6,4.2,4,PASS,PASS,2,0,,,,,,,,,PENDING
pilot04_snack_bresaola_cucumber_rolls,Bresaola cucumber rolls,snack,handheld,italian,easy,7,0,4|76|242,Bresaola 60g raw | Cetrioli 80g raw | Limone 10g raw,105.5,19.9,4.1,1.3,0.7,3,PASS,PASS,0,0,,,,,,,,,PENDING
pilot04_snack_kefir_cacao_hazelnut_cup,Kefir cacao hazelnut cup,snack,bowl,neutral,easy,5,0,52|251|116,Kefir naturale 180g raw | Nocciole 15g raw | Cacao amaro 5g raw,220.8,9.5,13.5,16.1,3.3,3,PASS,PASS,1,0,,,,,,,,,PENDING
pilot04_snack_boiled_egg_grapefruit_plate,Boiled egg grapefruit plate,snack,plated_meal,neutral,easy,6,0,67|246|273,Uovo sodo 50g cooked | Pompelmo 120g raw | Pepe nero 5g raw,140.5,8.0,16.6,5.6,2.9,3,PASS,PASS,2,0,,,,,,,,,PENDING
pilot04_lunch_dinner_turkey_orzo_pepper_bowl,Turkey orzo pepper bowl,lunch/dinner,bowl,mediterranean,easy,8,18,2|33|72|228|110|272,Fesa di tacchino 150g raw | Orzo perlato 70g raw | Peperoni 150g raw | Cipolla 40g raw | Olio EVO 10g raw | Origano secco 5g raw,579.0,45.4,67.4,14.1,16.9,6,PASS,PASS,3,0,,,,,,,,,PENDING
pilot04_lunch_dinner_trout_amaranth_broccoli_plate,Trout amaranth broccoli plate,lunch/dinner,plated_meal,mediterranean,easy,8,20,10|44|70|110|242|275,Trota 160g raw | Amaranto 70g raw | Broccoli 150g raw | Olio EVO 10g raw | Limone 10g raw | Prezzemolo 5g raw,629.4,45.8,57.3,26.1,9.0,6,PASS,PASS,2,0,,,,,,,,,PENDING
pilot04_lunch_dinner_nasello_polenta_chard_plate,Nasello polenta chard plate,lunch/dinner,plated_meal,italian,easy,8,20,11|45|220|110|267,Nasello 160g raw | Polenta 70g raw | Bietola 120g raw | Olio EVO 10g raw | Aglio 5g raw,509.7,36.3,57.9,15.3,5.2,5,PASS,PASS,1,0,,,,,,,,,PENDING
pilot04_lunch_dinner_polpo_potato_radicchio_salad,Polpo potato radicchio salad,lunch/dinner,salad,mediterranean,medium,10,20,13|88|236|85|110|242,Polpo 150g raw | Patate 200g raw | Radicchio 60g raw | Sedano 60g raw | Olio EVO 10g raw | Limone 10g raw,391.7,27.7,43.7,12.0,6.2,6,PASS,PASS,1,0,,,,,,,,,PENDING
pilot04_lunch_dinner_edamame_integral_rice_carrot_bowl,Edamame integral rice carrot bowl,lunch/dinner,bowl,asian_inspired,easy,8,25,17|26|71|232|255|277,Edamame 120g raw | Riso integrale 70g raw | Carote 100g raw | Germogli di soia 60g raw | Aceto di mele 10g raw | Zenzero fresco 5g raw,478.3,22.5,80.0,9.0,12.7,6,PASS,PASS,0,0,,,,,,,,,PENDING
pilot04_lunch_dinner_fagioli_cabbage_pasta_stew,Fagioli cabbage pasta stew,lunch/dinner,soup_stew,italian,easy,8,22,19|35|224|228|110|270,Fagioli cotti 170g cooked | Pasta integrale 60g raw | Cavolo cappuccio 100g raw | Cipolla 40g raw | Olio EVO 10g raw | Curcuma in polvere 5g raw,571.8,24.7,91.1,13.0,20.1,6,PASS,PASS,2,0,,,,,,,,,PENDING
pilot04_lunch_dinner_calamari_rice_pasta_zucchini_bowl,Calamari rice pasta zucchini bowl,lunch/dinner,bowl,mediterranean,easy,8,15,203|46|69|83|110|275,Calamari 150g raw | Pasta di riso 70g raw | Zucchine 150g raw | Pomodorini 100g raw | Olio EVO 10g raw | Prezzemolo 5g raw,518.1,30.4,68.8,13.2,3.9,6,PASS,PASS,2,0,,,,,,,,,PENDING
pilot04_lunch_dinner_coniglio_quinoa_carciofo_plate,Coniglio quinoa carciofo plate,lunch/dinner,plated_meal,mediterranean,medium,10,25,206|32|222|110|276,Coniglio 150g raw | Quinoa 70g raw | Carciofo 120g raw | Olio EVO 10g raw | Rosmarino 5g raw,612.9,44.1,58.6,23.8,12.1,5,PASS,PASS,1,0,,,,,,,,,PENDING
pilot04_lunch_dinner_vongole_couscous_pomodoro_bowl,Vongole couscous pomodoro bowl,lunch/dinner,bowl,mediterranean,medium,10,15,211|34|82|235|110|275,Vongole 130g raw | Cous cous 70g raw | Pomodoro 120g raw | Porro 70g raw | Olio EVO 10g raw | Prezzemolo 5g raw,529.5,30.4,73.9,12.2,4.4,6,PASS,PASS,1,0,,,,,,,,,PENDING
pilot04_lunch_dinner_azuki_sweet_potato_kale_bowl,Azuki sweet potato kale bowl,lunch/dinner,bowl,neutral,easy,8,22,213|89|84|110|270,Azuki cotti 160g cooked | Patata dolce 160g raw | Cavolo kale 80g raw | Olio EVO 10g raw | Curcuma in polvere 5g raw,487.7,18.4,83.1,11.5,20.4,5,PASS,PASS,2,0,,,,,,,,,PENDING
pilot04_lunch_dinner_capesante_black_rice_asparagus_plate,Capesante black rice asparagus plate,lunch/dinner,plated_meal,mediterranean,medium,8,25,205|25|73|110|242,Capesante 130g raw | Riso nero 70g raw | Asparagi 150g raw | Olio EVO 10g raw | Limone 10g raw,477.2,31.5,62.7,13.0,5.9,5,PASS,PASS,1,0,,,,,,,,,PENDING
pilot04_lunch_dinner_beef_rice_noodle_pak_choi_bowl,Beef rice noodle pak choi bowl,lunch/dinner,bowl,asian_inspired,easy,8,16,3|37|234|232|256|277,Manzo magro 150g raw | Noodles di riso 70g raw | Pak choi (cavolo cinese) 120g raw | Germogli di soia 60g raw | Olio di cocco vergine 10g raw | Zenzero fresco 5g raw,587.4,41.0,63.2,18.6,3.5,6,PASS,PASS,1,0,,,,,,,,,PENDING
pilot04_pre_workout_white_rice_banana_honey_cup,White rice banana honey cup,pre_workout,bowl,neutral,easy,5,15,23|90|111,Riso bianco 60g raw | Banana 100g raw | Miele 15g raw,353.6,5.3,83.2,0.7,2.9,3,PASS,PASS,0,0,,,,,,,,,PENDING
pilot04_pre_workout_date_banana_green_tea_plate,Date banana green tea plate,pre_workout,plated_meal,neutral,easy,5,0,102|90|266,Datteri 30g raw | Banana 100g raw | Tè verde 250g raw,176.1,1.9,45.8,0.4,5.0,3,PASS,PASS,2,0,,,,,,,,,PENDING
pilot04_pre_workout_oat_banana_espresso_bowl,Oat banana espresso bowl,pre_workout,bowl,neutral,easy,5,5,30|90|259,Fiocchi di avena 50g raw | Banana 100g raw | Caffè (espresso) 30g raw,286.2,9.6,56.0,3.8,7.9,3,PASS,PASS,1,0,,,,,,,,,PENDING
pilot04_post_workout_salmon_white_rice_melon_plate,Salmon white rice melon plate,post_workout,plated_meal,neutral,easy,8,18,5|23|244|110,Salmone 150g raw | Riso bianco 80g raw | Melone cantalupo 150g raw | Olio EVO 10g raw,743.4,37.4,76.3,31.0,1.7,4,PASS,PASS,1,0,,,,,,,,,PENDING
pilot04_post_workout_beef_jasmine_carrot_bowl,Beef jasmine carrot bowl,post_workout,bowl,neutral,easy,8,18,3|27|71|110,Manzo magro 150g raw | Riso jasmine 80g raw | Carote 120g raw | Olio EVO 10g raw,621.2,38.9,74.7,18.1,3.6,4,PASS,PASS,1,0,,,,,,,,,PENDING
pilot05_breakfast_oat_flour_pear_cottage_bowl,Oat flour pear cottage bowl,breakfast,bowl,neutral,easy,6,5,31|53|92|252|269,Farina di avena 50g raw | Fiocchi di latte 150g raw | Pera 140g raw | Semi di canapa 10g raw | Cannella in polvere 5g raw,484.0,28.1,62.8,15.0,11.9,5,PASS,PASS,2,0,,,,,,,,,PENDING
pilot05_breakfast_album_rye_zucchini_plate,Albumen rye zucchini plate,breakfast,plated_meal,mediterranean,easy,8,10,66|40|69|256,Albumi 155g raw | Pane di segale 60g raw | Zucchine 125g raw | Olio di cocco vergine 5g raw,301.9,23.5,33.9,7.6,4.7,4,PASS,PASS,0,0,,,,,,,,,PENDING
pilot05_breakfast_lactose_free_yogurt_grape_flax_bowl,Lactose-free yogurt grape flax bowl,breakfast,bowl,neutral,easy,5,0,54|248|109|116,Yogurt senza lattosio 170g raw | Uva 120g raw | Semi di lino 10g raw | Cacao amaro 5g raw,249.6,10.1,36.5,9.1,5.7,4,PASS,PASS,1,0,,,,,,,,,PENDING
pilot05_breakfast_natto_buckwheat_avocado_bowl,Natto buckwheat avocado bowl,breakfast,bowl,asian_inspired,easy,8,15,212|43|101|271,Natto 80g raw | Grano saraceno 60g raw | Avocado 60g raw | Menta fresca 5g raw,474.1,23.5,60.3,19.7,14.7,4,PASS,PASS,0,0,,,,,,,,,PENDING
pilot05_breakfast_milk_cream_rice_cherry_bowl,Milk cream of rice cherry bowl,breakfast,bowl,neutral,easy,5,5,29|58|240|250,Crema di riso 50g raw | Latte parzialmente scremato 200g raw | Ciliegie 120g raw | Farina di mandorle 25g raw,492.4,17.1,74.9,16.3,5.6,4,PASS,PASS,0,0,,,,,,,,,PENDING
pilot05_snack_apricot_hazelnuts,Apricot hazelnut snack,snack,plated_meal,neutral,easy,4,0,237|251,Albicocca 120g raw | Nocciole 20g raw,183.2,4.7,16.7,12.6,4.3,2,PASS,PASS,0,0,,,,,,,,,PENDING
pilot05_snack_anchovy_cucumber_lemon_bites,Anchovy cucumber lemon bites,snack,handheld,italian,easy,7,0,201|76|242,Alici/Acciughe 50g raw | Cetrioli 80g raw | Limone 10g raw,80.4,10.9,3.8,2.9,0.7,3,PASS,PASS,0,0,,,,,,,,,PENDING
pilot05_snack_papaya_pumpkin_seeds,Papaya pumpkin seed snack,snack,bowl,neutral,easy,5,0,99|254,Papaya 150g raw | Semi di zucca 20g raw,176.3,6.8,18.6,10.3,3.8,2,PASS,PASS,1,0,,,,,,,,,PENDING
pilot05_lunch_dinner_anchovy_integral_rice_fennel_plate,Anchovy integral rice fennel plate,lunch/dinner,plated_meal,mediterranean,easy,8,25,201|26|79|110|242,Alici/Acciughe 70g raw | Riso integrale 70g raw | Finocchi 150g raw | Olio EVO 10g raw | Limone 10g raw,488.5,21.7,65.9,16.3,7.4,5,PASS,PASS,1,0,,,,,,,,,PENDING
pilot05_lunch_dinner_herring_potato_beet_salad,Herring potato beet salad,lunch/dinner,salad,mediterranean,easy,10,20,202|88|86|76|255,Aringa 120g raw | Patate 200g raw | Barbabietola 100g raw | Cetrioli 80g raw | Aceto di mele 10g raw,454.7,27.4,47.6,17.8,7.6,5,PASS,PASS,0,0,,,,,,,,,PENDING
pilot05_lunch_dinner_mussels_white_rice_leek_stew,Mussels white rice leek stew,lunch/dinner,soup_stew,mediterranean,medium,10,22,207|23|235|224|275,Cozze 160g raw | Riso bianco 70g raw | Porro 80g raw | Cavolo cappuccio 100g raw | Prezzemolo 5g raw,468.7,26.6,79.4,4.4,4.4,5,PASS,PASS,1,0,,,,,,,,,PENDING
pilot05_lunch_dinner_oyster_couscous_daikon_bowl,Oyster couscous daikon bowl,lunch/dinner,bowl,asian_inspired,medium,10,15,209|34|230|232|277,Ostriche 90g raw | Cous cous 70g raw | Daikon 80g raw | Germogli di soia 60g raw | Zenzero fresco 5g raw,380.3,20.8,66.3,3.1,4.0,5,PASS,PASS,0,0,,,,,,,,,PENDING
pilot05_lunch_dinner_natto_black_rice_pak_choi_bowl,Natto black rice pak choi bowl,lunch/dinner,bowl,asian_inspired,easy,8,25,212|25|234|228|255,Natto 90g raw | Riso nero 70g raw | Pak choi (cavolo cinese) 120g raw | Cipolla 40g raw | Aceto di mele 10g raw,465.1,24.4,69.8,12.0,9.2,5,PASS,PASS,1,0,,,,,,,,,PENDING
pilot05_lunch_dinner_fave_polenta_romanesco_plate,Fave polenta romanesco plate,lunch/dinner,plated_meal,italian,easy,8,20,214|45|225|110|276,Fave cotte 160g cooked | Polenta 70g raw | Cavolo romanesco 120g raw | Olio EVO 10g raw | Rosmarino 5g raw,555.6,22.2,90.0,13.7,18.9,5,PASS,PASS,1,0,,,,,,,,,PENDING
pilot05_lunch_dinner_soia_integral_pasta_cime_rapa_bowl,Soia integral pasta cime di rapa bowl,lunch/dinner,bowl,italian,easy,8,18,216|35|227|267|110,Soia cotta 150g cooked | Pasta integrale 70g raw | Cime di rapa 120g raw | Aglio 5g raw | Olio EVO 10g raw,625.4,37.2,66.4,25.6,17.7,5,PASS,PASS,1,0,,,,,,,,,PENDING
pilot05_lunch_dinner_sardine_barley_radicchio_plate,Sardine barley radicchio plate,lunch/dinner,plated_meal,mediterranean,easy,8,22,210|33|236|85|242,Sardine al naturale 90g cooked | Orzo perlato 70g raw | Radicchio 80g raw | Sedano 60g raw | Limone 10g raw,465.9,30.7,57.8,11.6,12.9,5,PASS,PASS,0,0,,,,,,,,,PENDING
pilot05_lunch_dinner_liver_buckwheat_chard_plate,Liver buckwheat chard plate,lunch/dinner,plated_meal,neutral,medium,10,18,208|43|220|228|110,Fegato di manzo 110g raw | Grano saraceno 70g raw | Bietola 120g raw | Cipolla 40g raw | Olio EVO 10g raw,559.8,41.0,62.2,18.2,9.6,5,PASS,PASS,1,0,,,,,,,,,PENDING
pilot05_lunch_dinner_cannolicchi_rice_noodle_purple_cabbage_bowl,Cannolicchi rice noodle purple cabbage bowl,lunch/dinner,bowl,asian_inspired,medium,10,16,204|37|226|230|274,Cannolicchi 120g raw | Noodles di riso 70g raw | Cavolo viola 100g raw | Daikon 80g raw | Peperoncino fresco 5g raw,394.6,22.9,70.5,1.8,5.0,5,PASS,PASS,0,0,,,,,,,,,PENDING
pilot05_lunch_dinner_fava_feta_tomato_arugula_salad,Fava feta tomato arugula salad,lunch/dinner,salad,mediterranean,easy,8,0,214|56|83|78|242,Fave cotte 155g cooked | Feta 45g raw | Pomodorini 100g raw | Rucola 50g raw | Limone 10g raw,322.7,20.9,39.1,10.8,13.4,5,PASS,PASS,0,0,,,,,,,,,PENDING
pilot05_lunch_dinner_edamame_rice_pasta_kale_bowl,Edamame rice pasta kale bowl,lunch/dinner,bowl,neutral,easy,8,16,17|46|84|82|268,Edamame 130g raw | Pasta di riso 70g raw | Cavolo kale 100g raw | Pomodoro 120g raw | Basilico fresco 5g raw,476.8,24.0,81.8,8.4,12.9,5,PASS,PASS,1,0,,,,,,,,,PENDING
pilot05_pre_workout_basmati_dates_honey_bowl,Basmati dates honey bowl,pre_workout,bowl,neutral,easy,5,15,24|102|111,Riso basmati 60g raw | Datteri 25g raw | Miele 10g raw,314.5,4.9,74.1,0.6,2.8,3,PASS,PASS,0,0,,,,,,,,,PENDING
pilot05_pre_workout_banana_peach_honey_plate,Banana peach honey plate,pre_workout,plated_meal,neutral,easy,7,0,90|245|111,Banana 130g raw | Pesca 120g raw | Miele 10g raw,192.9,2.5,49.3,0.8,5.2,3,PASS,PASS,0,0,,,,,,,,,PENDING
pilot05_pre_workout_jasmine_rice_date_espresso_cup,Jasmine rice date espresso cup,pre_workout,plated_meal,neutral,easy,5,15,27|102|259,Riso jasmine 60g raw | Datteri 25g raw | Caffè (espresso) 50g raw,289.2,4.9,66.2,0.5,2.2,3,PASS,PASS,1,0,,,,,,,,,PENDING
pilot05_post_workout_tuna_jasmine_pineapple_cucumber_bowl,Tuna jasmine pineapple cucumber bowl,post_workout,bowl,neutral,easy,8,15,6|27|100|76,Tonno al naturale 120g cooked | Riso jasmine 80g raw | Ananas 120g raw | Cetrioli 80g raw,496.8,37.4,81.8,1.8,2.3,4,PASS,PASS,1,0,,,,,,,,,PENDING
pilot05_post_workout_cod_basmati_carrot_plate,Cod basmati carrot plate,post_workout,plated_meal,neutral,easy,8,18,7|24|71|252,Merluzzo 160g raw | Riso basmati 80g raw | Carote 120g raw | Semi di canapa 10g raw,520.5,38.4,75.3,6.9,4.8,4,PASS,PASS,1,0,,,,,,,,,PENDING
pilot06_breakfast_feta_spinach_egg_plate,Feta spinach egg breakfast plate,breakfast,plated_meal,mediterranean,easy,8,8,65|56|68|83|110,Uova intere 110g raw | Feta 45g raw | Spinaci 90g raw | Pomodorini 100g raw | Olio EVO 5g raw,359.0,23.8,9.8,25.6,3.2,5,PASS,PASS,0,0,,,,,,,,,PENDING
pilot06_breakfast_polenta_ricotta_fig_bowl,Polenta ricotta fig breakfast bowl,breakfast,bowl,italian,easy,5,10,45|50|241|269,Polenta 55g raw | Ricotta magra 120g cooked | Fico fresco 90g raw | Cannella in polvere 5g raw,441.3,19.1,66.0,11.9,7.8,4,PASS,PASS,1,1,,,,,,,,,PENDING
pilot06_breakfast_tofu_silken_mango_cacao_smoothie,Silken tofu mango cacao smoothie,breakfast,smoothie,neutral,easy,5,0,63|98|58|116,Tofu silken 140g raw | Mango 130g raw | Latte parzialmente scremato 180g raw | Cacao amaro 5g raw,249.2,15.2,34.0,7.9,3.9,4,PASS,PASS,1,0,,,,,,,,,PENDING
pilot06_breakfast_rye_bresaola_avocado_plate,Rye bresaola avocado breakfast plate,breakfast,plated_meal,italian,easy,7,0,4|40|101|82,Bresaola 60g raw | Pane di segale 60g raw | Avocado 65g raw | Pomodoro 100g raw,368.0,26.5,38.7,12.9,9.0,4,PASS,PASS,2,1,,,,,,,,,PENDING
pilot06_snack_melon_feta_mint_cup,Melon feta mint cup,snack,bowl,mediterranean,easy,5,0,244|56|271,Melone cantalupo 150g raw | Feta 40g raw | Menta fresca 5g raw,160.1,7.1,14.7,8.9,1.7,3,PASS,PASS,1,1,,,,,,,,,PENDING
pilot06_snack_cottage_cucumber_pepper_bowl,Cottage cucumber pepper bowl,snack,bowl,neutral,easy,4,0,53|76|273,Fiocchi di latte 140g raw | Cetrioli 120g raw | Pepe nero 5g raw,167.8,16.9,12.3,6.3,1.9,3,PASS,PASS,1,0,,,,,,,,,PENDING
pilot06_lunch_dinner_trout_pasta_cime_rapa_plate,Trout pasta cime di rapa plate,lunch/dinner,plated_meal,italian,medium,10,18,10|35|227|267|110,Trota 150g raw | Pasta integrale 75g raw | Cime di rapa 140g raw | Aglio 5g raw | Olio EVO 10g raw,599.2,42.7,55.5,22.2,9.6,5,PASS,PASS,2,0,,,,,,,,,PENDING
pilot06_lunch_dinner_rabbit_couscous_fennel_bowl,Rabbit couscous fennel bowl,lunch/dinner,bowl,mediterranean,medium,12,22,206|34|79|71|276|110,Coniglio 155g raw | Cous cous 70g raw | Finocchi 120g raw | Carote 100g raw | Rosmarino 5g raw | Olio EVO 10g raw,647.2,42.6,73.6,20.5,8.8,6,PASS,PASS,1,0,,,,,,,,,PENDING
pilot06_lunch_dinner_scallop_sweet_potato_asparagus_plate,Scallop sweet potato asparagus plate,lunch/dinner,plated_meal,mediterranean,medium,10,20,205|89|73|242|110,Capesante 150g raw | Patata dolce 210g raw | Asparagi 140g raw | Limone 20g raw | Olio EVO 10g raw,434.8,31.9,56.0,11.6,9.8,5,PASS,PASS,2,0,,,,,,,,,PENDING
pilot06_lunch_dinner_mussel_barley_tomato_stew,Mussel barley tomato stew,lunch/dinner,soup_stew,mediterranean,medium,12,28,207|33|82|235|275,Cozze 170g raw | Orzo perlato 70g raw | Pomodoro 150g raw | Porro 80g raw | Prezzemolo 5g raw,471.6,29.9,75.3,5.2,14.3,5,PASS,PASS,2,0,,,,,,,,,PENDING
pilot06_lunch_dinner_tempeh_buckwheat_cabbage_bowl,Tempeh buckwheat cabbage bowl,lunch/dinner,bowl,asian_inspired,easy,10,16,15|43|226|232|277|255,Tempeh 130g raw | Grano saraceno 65g raw | Cavolo viola 120g raw | Germogli di soia 80g raw | Zenzero fresco 5g raw | Aceto di mele 10g raw,550.3,38.8,72.8,17.5,11.0,6,PASS,PASS,1,0,,,,,,,,,PENDING
pilot06_lunch_dinner_branzino_potato_artichoke_plate,Branzino potato artichoke plate,lunch/dinner,plated_meal,mediterranean,medium,10,24,8|88|222|242|275|110,Branzino 160g raw | Patate 210g raw | Carciofo 130g raw | Limone 20g raw | Prezzemolo 5g raw | Olio EVO 10g raw,474.0,38.3,52.6,13.8,12.4,6,PASS,PASS,1,0,,,,,,,,,PENDING
pilot06_lunch_dinner_seitan_quinoa_pepper_bowl,Seitan quinoa pepper bowl,lunch/dinner,bowl,neutral,easy,10,16,16|32|72|80|274|110,Seitan 140g raw | Quinoa 65g raw | Peperoni 130g raw | Fagiolini 120g raw | Peperoncino fresco 5g raw | Olio EVO 10g raw,925.1,117.7,78.0,17.2,12.3,6,PASS,PASS,3,0,,,,,,,,,PENDING
pilot06_lunch_dinner_bean_barley_brussels_stew,Bean barley Brussels sprout stew,lunch/dinner,soup_stew,mediterranean,easy,10,24,19|33|223|235|110,Fagioli cotti 165g cooked | Orzo perlato 65g raw | Cavoletti di Bruxelles 130g raw | Porro 80g raw | Olio EVO 10g raw,632.7,26.4,108.3,12.2,27.1,5,PASS,PASS,1,0,,,,,,,,,PENDING
pilot06_lunch_dinner_sardine_pasta_caper_tomato_plate,Sardine pasta caper tomato plate,lunch/dinner,plated_meal,italian,easy,8,14,210|35|82|221|110,Sardine al naturale 120g preserved | Pasta integrale 70g raw | Pomodoro 140g raw | Capperi 10g raw | Olio EVO 10g raw,609.1,40.1,52.2,25.9,7.8,5,PASS,PASS,2,0,,,,,,,,,PENDING
pilot06_lunch_dinner_calamari_black_rice_romanesco_bowl,Calamari black rice romanesco bowl,lunch/dinner,bowl,mediterranean,medium,12,28,203|25|225|267|275|110,Calamari 160g raw | Riso nero 70g raw | Cavolo romanesco 140g raw | Aglio 5g raw | Prezzemolo 5g raw | Olio EVO 10g raw,522.8,35.3,63.9,14.5,6.8,6,PASS,PASS,1,0,,,,,,,,,PENDING
pilot06_lunch_dinner_beef_amaranth_radicchio_plate,Beef amaranth radicchio plate,lunch/dinner,plated_meal,neutral,medium,10,20,3|44|236|86|255|110,Manzo magro 150g raw | Amaranto 65g raw | Radicchio 100g raw | Barbabietola 120g raw | Aceto di mele 10g raw | Olio EVO 10g raw,604.3,45.0,59.0,22.6,8.6,6,PASS,PASS,2,0,,,,,,,,,PENDING
pilot06_lunch_dinner_edamame_rice_noodle_daikon_bowl,Edamame rice noodle daikon bowl,lunch/dinner,bowl,asian_inspired,easy,10,12,17|37|230|234|277|255,Edamame 150g raw | Noodles di riso 65g raw | Daikon 100g raw | Pak choi (cavolo cinese) 120g raw | Zenzero fresco 5g raw | Aceto di mele 10g raw,459.3,22.8,74.7,8.6,11.7,6,PASS,PASS,1,0,,,,,,,,,PENDING
pilot06_lunch_dinner_chickpea_carrot_couscous_bowl,Chickpea carrot couscous bowl,lunch/dinner,bowl,mediterranean,easy,8,14,18|34|71|69|270|110,Ceci cotti 160g cooked | Cous cous 65g raw | Carote 110g raw | Zucchine 120g raw | Curcuma in polvere 5g raw | Olio EVO 10g raw,678.4,25.4,111.7,15.6,18.9,6,PASS,PASS,3,0,,,,,,,,,PENDING
pilot06_pre_workout_cream_rice_peach_honey_bowl,Cream of rice peach honey bowl,pre_workout,bowl,neutral,easy,5,5,29|245|111,Crema di riso 50g raw | Pesca 140g raw | Miele 15g raw,282.2,4.5,66.2,0.8,2.3,3,PASS,PASS,0,0,,,,,,,,,PENDING
pilot06_pre_workout_white_rice_apple_cinnamon_bowl,White rice apple cinnamon bowl,pre_workout,bowl,neutral,easy,5,15,23|91|269,Riso bianco 70g raw | Mela 120g raw | Cannella in polvere 5g raw,330.3,5.5,76.6,0.8,5.8,3,PASS,PASS,1,0,,,,,,,,,PENDING
pilot06_pre_workout_dates_orange_green_tea_plate,Dates orange green tea plate,pre_workout,plated_meal,neutral,easy,5,0,102|238|266,Datteri 40g raw | Arancia 150g raw | Tè verde 200g raw,185.3,2.4,48.1,0.3,6.8,3,PASS,PASS,3,0,,,,,,,,,PENDING
pilot06_post_workout_branzino_quinoa_mango_plate,Branzino quinoa mango plate,post_workout,plated_meal,mediterranean,easy,10,18,8|32|98|69,Branzino 160g raw | Quinoa 70g raw | Mango 120g raw | Zucchine 120g raw,505.2,41.7,66.7,8.3,8.0,4,PASS,PASS,2,0,,,,,,,,,PENDING
pilot06_post_workout_tempeh_sweet_potato_pineapple_bowl,Tempeh sweet potato pineapple bowl,post_workout,bowl,asian_inspired,easy,10,22,15|89|100|234,Tempeh 130g raw | Patata dolce 210g raw | Ananas 120g raw | Pak choi (cavolo cinese) 120g raw,505.8,30.5,72.3,14.9,9.2,4,PASS,PASS,2,0,,,,,,,,,PENDING
pilot06_post_workout_mackerel_couscous_papaya_plate,Mackerel couscous papaya plate,post_workout,plated_meal,mediterranean,easy,10,16,9|34|99|80,Sgombro 150g raw | Cous cous 70g raw | Papaya 120g raw | Fagiolini 120g raw,659.5,39.6,75.8,21.8,7.7,4,PASS,PASS,3,0,,,,,,,,,PENDING
pilot07_breakfast_chickpea_ricotta_avocado_pancake,Chickpea ricotta avocado breakfast pancake,breakfast,plated_meal,mediterranean,easy,8,8,48|50|101|271,Farina di ceci 45g raw | Ricotta magra 90g cooked | Avocado 60g raw | Menta fresca 5g raw,396.1,21.2,34.9,19.1,9.8,4,PASS,PASS,0,0,,,,,,,,,PENDING
pilot07_breakfast_kefir_mango_matcha_smoothie,Kefir mango matcha smoothie,breakfast,smoothie,neutral,easy,5,0,52|98|261|252,Kefir naturale 200g raw | Mango 120g raw | Matcha in polvere 5g raw | Semi di canapa 10g raw,271.5,12.4,29.8,12.6,4.2,4,PASS,PASS,0,0,,,,,,,,,PENDING
pilot07_breakfast_amaranth_milk_apple_cinnamon_bowl,Amaranth milk apple cinnamon bowl,breakfast,bowl,neutral,easy,5,18,44|58|91|269,Amaranto 50g raw | Latte parzialmente scremato 200g raw | Mela 155g raw | Cannella in polvere 5g raw,370.5,15.1,68.2,7.1,9.7,4,PASS,PASS,0,0,,,,,,,,,PENDING
pilot07_snack_tuna_rye_lemon_open_bite,Tuna rye lemon open bite,snack,handheld,mediterranean,easy,5,0,6|40|242,Tonno al naturale 80g preserved | Pane di segale 50g raw | Limone 10g raw,225.2,24.8,25.1,2.5,3.2,3,PASS,PASS,0,0,,,,,,,,,PENDING
pilot07_snack_kefir_pineapple_chia_drink,Kefir pineapple chia drink,snack,drink,neutral,easy,5,0,52|100|108,Kefir naturale 180g raw | Ananas 125g raw | Semi di chia 20g raw,274.9,10.2,32.9,12.6,8.6,3,PASS,PASS,0,0,,,,,,,,,PENDING
pilot07_lunch_dinner_fava_quinoa_carrot_tahina_bowl,Fava quinoa carrot tahina bowl,lunch/dinner,bowl,middle_eastern,easy,10,15,214|32|71|107|271,Fave cotte 135g cooked | Quinoa 70g raw | Carote 100g raw | Tahina 20g raw | Menta fresca 5g raw,569.6,25.0,86.1,15.8,19.6,5,PASS,PASS,0,0,,,,,,,,,PENDING
pilot07_lunch_dinner_seitan_buckwheat_arugula_salad,Seitan buckwheat arugula salad,lunch/dinner,salad,neutral,easy,10,15,16|43|72|78|110|242,Seitan 130g raw | Grano saraceno 70g raw | Peperoni 125g raw | Rucola 60g raw | Olio EVO 10g raw | Limone 20g raw,869.1,109.8,79.8,15.7,11.9,6,PASS,PASS,0,0,,,,,,,,,PENDING
pilot07_lunch_dinner_vongole_noodle_pak_choi_soup,Vongole rice noodle pak choi soup,lunch/dinner,soup_stew,asian_inspired,medium,10,15,211|37|234|230|228|277,Vongole 100g raw | Noodles di riso 70g raw | Pak choi (cavolo cinese) 100g raw | Daikon 80g raw | Cipolla 55g raw | Zenzero fresco 10g raw,398.2,21.6,72.2,1.8,4.5,6,PASS,PASS,0,0,,,,,,,,,PENDING
pilot07_lunch_dinner_rabbit_polenta_romanesco_plate,Rabbit polenta romanesco plate,lunch/dinner,plated_meal,italian,medium,10,30,206|45|225|110|276,Coniglio 155g raw | Polenta 70g raw | Cavolo romanesco 100g raw | Olio EVO 10g raw | Rosmarino 5g raw,585.2,40.2,57.5,22.3,6.8,5,PASS,PASS,0,0,,,,,,,,,PENDING
pilot07_lunch_dinner_beef_liver_barley_chard_plate,Beef liver barley chard plate,lunch/dinner,plated_meal,italian,medium,10,22,208|33|220|228|273,Fegato di manzo 90g raw | Orzo perlato 70g raw | Bietola 90g raw | Cipolla 55g raw | Pepe nero 5g raw,457.0,33.4,66.3,5.7,14.6,5,PASS,PASS,0,0,,,,,,,,,PENDING
pilot07_lunch_dinner_bresaola_radicchio_pasta_salad,Bresaola radicchio pasta salad,lunch/dinner,salad,italian,easy,8,10,4|35|236|57|113,Bresaola 70g raw | Pasta integrale 70g raw | Radicchio 70g raw | Grana Padano 20g raw | Olive 25g raw,471.0,39.1,51.3,11.7,7.2,5,PASS,PASS,0,0,,,,,,,,,PENDING
pilot07_lunch_dinner_capesante_lentil_pasta_zucchini_plate,Capesante lentil pasta zucchini plate,lunch/dinner,plated_meal,mediterranean,medium,10,16,205|36|69|110|268,Capesante 100g raw | Pasta di lenticchie 70g raw | Zucchine 125g raw | Olio EVO 10g raw | Basilico fresco 5g raw,436.8,33.9,47.7,12.6,9.0,5,PASS,PASS,0,0,,,,,,,,,PENDING
pilot07_pre_workout_coffee_cream_of_rice_honey_bowl,Coffee cream of rice honey bowl,pre_workout,bowl,neutral,easy,5,5,29|259|111,Crema di riso 50g raw | Caffè (espresso) 55g raw | Miele 15g raw,232.6,3.3,52.9,0.5,0.2,3,PASS,PASS,0,0,,,,,,,,,PENDING
pilot07_post_workout_egg_white_rice_pineapple_bowl,Egg white rice pineapple bowl,post_workout,bowl,neutral,easy,8,15,66|23|100|252,Albumi 155g raw | Riso bianco 70g raw | Ananas 125g raw | Semi di canapa 20g raw,509.2,28.7,75.2,10.7,2.8,4,PASS,PASS,0,0,,,,,,,,,PENDING
pilot07_post_workout_chicken_rice_noodle_carrot_bowl,Chicken rice noodle carrot bowl,post_workout,bowl,asian_inspired,easy,10,15,1|37|71|277,Petto di pollo 155g raw | Noodles di riso 70g raw | Carote 100g raw | Zenzero fresco 10g raw,474.3,41.0,67.5,2.6,4.1,4,PASS,PASS,0,0,,,,,,,,,PENDING
